MESA;SEDE;localidad
1;CSA;observ - jubi
2;M20;Padron gral
3;PP 3;Ramos Mejia
4;EE505;Ramos Mejia
5;TJ;Ramos Mejia
6;AA1 ANEXO RAMOS;Ramos Mejia
7;PP 4;Ramos Mejia
8;PP4 JUBIS;Ramos Mejia
9;MS6;Ramos Mejia
10;PP23;Ramos Mejia
11;PP114;Ramos Mejia
12;PP 154;Ramos Mejia
13;PP12;Ramos Mejia
14;DF 403;Ramos Mejia
15;MS 13;Lomas del Mirador
16;PP143;Lomas del Mirador
17;MS 106;Lomas del Mirador
18;PP 26;Lomas del Mirador
19;PP 21;Lomas del Mirador
20;MS 139;San Justo
21;EE 511;San Justo
22;PP 35;San Justo
23;PP 132;San Justo
24;PP 115;San Justo
25;MS 131;San Justo
26;PP142;San Justo
27;PP38;San Justo
28;MS49;San Justo
29;PP 153;Villa Luzuriaga
30;PP 140;Villa Luzuriaga
31;MT 12;Villa Luzuriaga
32;MT 10;Villa Maderp
33;MS 92;Villa Maderp
34;EE 506;Tapiales
35;PP 7;La Tablada
36;PP 8;La Tablada
37;MS 93;La Tablada
38;DF406;La Tablada
39;PP 63;Villa Celina
40;EE 504;Villa Celina
41;PP 138;Villa Celina
42;PP 74;Aldo Bonzi
43;EE 508;Ciudad Evita
44;MT 11;Ciudad Evita
45;MS 65;Ciudad Evita
46;PP 147;Ciudad Evita
47;MT 2;Ciudad Evita
48;JI 1025;Ciudad Evita
49;MS 21;Ciudad Evita
50;SC 2;Ciudad Evita
51;PP 164;Ciudad Evita
52;PP 168;Ciudad Evita
53;PP 186;Ciudad Evita
54;MS 48;Ciudad Evita
55;MS 48 JUBILADOS;Ciudad Evita
56;MS 1;Rafael Castillo
57;MS 161;Rafael Castillo
58;PP 71;Rafael Castillo
59;PP 81;Rafael Castillo
60;MS 127;Rafael Castillo
61;MS 121;Rafael Castillo
62;PP 175;Rafael Castillo
63;P 191;Rafael Castillo
64;PP 117;Rafael Castillo
65;EE 512;Isidro Casanova
66;MS 24;Isidro Casanova
67;MS 34;Isidro Casanova
68;AA1 CASANOVA;Isidro Casanova
69;PP 37;Isidro Casanova
70;IS 82;Isidro Casanova
71;PP 65;Isidro Casanova
72;MS 31;Isidro Casanova
73;PP 15;Isidro Casanova
74;PP 94;Isidro Casanova
75;PP 96;Isidro Casanova
76;PP 118;Isidro Casanova
77;PP 154;Isidro Casanova
78;JI 936;Isidro Casanova
79;PP 172;Isidro Casanova
80;PP 176;Isidro Casanova
81;PP 85;Isidro Casanova
82;PP 69;Laferrere
83;PP 163;Laferrere
84;MS 108;Laferrere
85;PP 160;Laferrere
86;PP 107;Laferrere
87;PP 19;Laferrere
88;PP 19 JUBILADOS;Laferrere
89;EE 519;Laferrere
90;MS 16;Laferrere
91;PP 32;Laferrere
92;MT 7;Laferrere
93;PP 83;Laferrere
94;PP 75;Laferrere
95;PP 111;Laferrere
96;EE 510;Laferrere
97;MS 17;Laferrere
98;PP 166;Laferrere
99;PP 90;Laferrere
100;PP 78;Laferrere
101;PP 185;Laferrere
102;MS 56;Laferrere
103;PP 28;Laferrere
104;MS 68;Laferrere
105;PP 184;Laferrere
106;PP 187;Laferrere
107;PP 196;Laferrere
108;PP 216;Laferrere
109;MT 14;G. Catan
110;PP 31;G. Catan
111;MS 43;G. Catan
112;PP 40;G. Catan
113;PP 41;G. Catan
114;MS 141;G. Catan
115;MS 51;G. Catan
116;MS 67;G. Catan
117;PP 120;G. Catan
118;DF 411;G. Catan
119;PP 121;G. Catan
120;PP 33;G. Catan
121;PP 124;G. Catan
122;PP 11;G. Catan
123;IS 56;G. Catan
124;IS 56 JUBILADOS;G. Catan
125;MS 22;G. Catan
126;MS 100;G. Catan
127;PP 134;G. Catan
128;PP204;G. Catan
129;MS 190;G. Catan
130;PP 165;G. Catan
131;PP 209;Virrey del Pino
132;PP 210;Virrey del Pino
133;MS 15;Virrey del Pino
134;PP 57;Virrey del Pino
135;PP 66;Virrey del Pino
136;PP 67;Virrey del Pino
137;MS 174;Virrey del Pino
138;MS 50;Virrey del Pino
139;EE 517;Virrey del Pino
140;PP 135;Virrey del Pino
141;PP 145;Virrey del Pino
142;PP 145 JUBILADOS;Virrey del Pino
143;MS 9;Virrey del Pino
144;MS 54;Virrey del Pino
145;MS 176;Virrey del Pino
146;MS 77;Virrey del Pino
147;MS 55;Virrey del Pino
148;PP 217;Virrey del Pino
149;EXT Nª1 MS 84;Virrey del Pino
150;MS60;Virrey del Pino
151;MS 114;Virrey del Pino
;;
;;
;;
;;
;;
;;
;;
;;
;;
;;
;;
;;
;;
;;
;;
;;
